id,image,Name,link
58b9cffb4c06f9080f8690a1,/images/1.jpg,Opal Essence,/collections/opal
58b9d0334c06f9080f8690a2,/images/2.jpg,Ashford Geometrics,/collections/ashford
58ba746fee8101ac18bd2c0a,/images/3.jpg,Brothers & Sisters,/collections/bns
58ba7a8da9de6c281e3096ff,/images/4.jpg,Designer Damasks,/collections/damasks
58ba7aeaa9de6c281e309700,/images/5.jpg,Chrome,/collections/chrome
58ba7b01a9de6c281e309701,/images/6.jpg,Modern Shapes,/collections/shapes
58ba7b1da9de6c281e309702,/images/7.jpg,Stock Bridge,/collections/stockbridge
58ba7bcca9de6c281e309703,/images/8.jpg,Silver Leaf II,/collections/silverleaf
58ba7c05a9de6c281e309704,/images/9.jpg,Unplugged,/collections/unplugged
58ba7c29a9de6c281e309705,/images/10.jpg,Small Prints,/collections/smallprints
58c7bd514933dee8373693b4,/images/11.jpg,Oxyde,/collections/oxyde
58c7c3564933dee8373693b5,/images/12.jpg,Dorado,/collections/dorado
58cba17bc64073741603d3c0,/images/13.jpg,Textured Plain,/collections/texturedplains
58cba1bec64073741603d3c1,/images/14.jpg,Village People,/collections/villagepeople
58cba227c64073741603d3c2,/images/15.jpg,Villa Borghese,/collections/villa_borghese